[
  {
    "bookAuthor": "",
    "bookName": "建筑设计防火规范[附条文说明]",
    "bookText": "3.5 仓库的防火间距\n　　3.5  仓库的防火间距\n　　3.5.1  甲类仓库之间及与其他建筑、明火或散发火花地点、铁路、道路等的防火间距不应小于表3.5.1的规定。\n　　表3.5.1 甲类仓库之间及与其他建筑、明火或散发火花地点、铁路、道路等的防火间距(m)",
    "chapterIndex": 10,
    "chapterName": "3.5 仓库的防火间距",
    "chapterPos": 0,
    "content": "",
    "time": 1686143505054
  },
  {
    "bookAuthor": "",
    "bookName": "淫奇抄之锁情咒",
    "bookText": "着手",
    "chapterIndex": 5,
    "chapterName": " 【[p.o.s]淫奇抄之锁情咒】（五）",
    "chapterPos": 6341,
    "content": "",
    "time": 1654328565815
  },
  {
    "bookAuthor": "",
    "bookName": "淫奇抄之锁情咒",
    "bookText": "抓住",
    "chapterIndex": 21,
    "chapterName": " 【[p.o.s]淫奇抄之锁情咒】（二十一）",
    "chapterPos": 867,
    "content": "",
    "time": 1659146378880
  }
]