[
  {
    "bookSort": -1,
    "enableRefresh": false,
    "groupId": -1,
    "groupName": "全部",
    "order": 1,
    "show": false
  },
  {
    "bookSort": -1,
    "enableRefresh": false,
    "groupId": -4,
    "groupName": "未分组",
    "order": 2,
    "show": true
  },
  {
    "bookSort": -1,
    "enableRefresh": false,
    "groupId": -3,
    "groupName": "音频",
    "order": 3,
    "show": true
  },
  {
    "bookSort": -1,
    "enableRefresh": false,
    "groupId": -5,
    "groupName": "本地未分组",
    "order": 4,
    "show": false
  },
  {
    "bookSort": -1,
    "enableRefresh": false,
    "groupId": -11,
    "groupName": "更新失败",
    "order": 5,
    "show": false
  },
  {
    "bookSort": -1,
    "enableRefresh": false,
    "groupId": 2,
    "groupName": "刘备",
    "order": 6,
    "show": true
  },
  {
    "bookSort": -1,
    "enableRefresh": false,
    "groupId": 4,
    "groupName": "漫画",
    "order": 7,
    "show": true
  },
  {
    "bookSort": -1,
    "enableRefresh": false,
    "groupId": 1,
    "groupName": "规范",
    "order": 8,
    "show": true
  },
  {
    "bookSort": -1,
    "enableRefresh": false,
    "groupId": -2,
    "groupName": "本地",
    "order": 9,
    "show": true
  }
]