[
  {
    "concurrentRate": "0",
    "contentType": "audio/mpeg",
    "enabledCookieJar": false,
    "header": "{\"Content-Type\":\"text/plain\",\"Authorization\":\"Bearer \",\"Format\":\"audio-24khz-48kbitrate-mono-mp3\"}",
    "id": 1652586207442,
    "lastUpdateTime": 1685621152466,
    "loginCheckJs": "",
    "loginUi": "",
    "loginUrl": "",
    "name": " TTS-大声朗读-晓晓1.0\naudio-24khz-48kbitrate-mono-mp3",
    "url": "https://tts-l6a6j5ajt-1668590371-qqcom.vercel.app/api/ra,{\"method\":\"POST\",\"body\":\"        <speak xmlns=\\\"http://www.w3.org/2001/10/synthesis\\\" xmlns:mstts=\\\"http://www.w3.org/2001/mstts\\\" xmlns:emo=\\\"http://www.w3.org/2009/10/emotionml\\\" version=\\\"1.0\\\" xml:lang=\\\"zh-CN\\\">          <voice name=\\\"zh-CN-XiaoxiaoNeural\\\">            <mstts:express-as style=\\\"calm\\\" styledegree=\\\"1.00\\\" >              <prosody rate=\\\"{{speakSpeed + 55}}%\\\" pitch=\\\"0%\\\" volume=\\\"+100%\\\">                {{String(speakText).replace(/&/g, '&amp;').replace(/\\\"/g, '&quot;').replace(/'/g, '&apos;').replace(/</g, '&lt;').replace(/>/g, '&gt;')}}              </prosody>            </mstts:express-as>          </voice>        </speak>\"}"
  },
  {
    "concurrentRate": "0",
    "contentType": "audio/mpeg",
    "enabledCookieJar": false,
    "header": "{\"Content-Type\":\"text/plain\",\"Authorization\":\"Bearer \",\"Format\":\"audio-48khz-192kbitrate-mono-mp3\"}",
    "id": 1652586334302,
    "lastUpdateTime": 1685620696340,
    "loginCheckJs": "",
    "loginUi": "",
    "loginUrl": "",
    "name": " TTS-大声朗读-晓晓2.0\naudio-48khz-192kbitrate-mono-mp3",
    "url": "https://tts-l6a6j5ajt-1668590371-qqcom.vercel.app/api/ra,{\"method\":\"POST\",\"body\":\"        <speak xmlns=\\\"http://www.w3.org/2001/10/synthesis\\\" xmlns:mstts=\\\"http://www.w3.org/2001/mstts\\\" xmlns:emo=\\\"http://www.w3.org/2009/10/emotionml\\\" version=\\\"1.0\\\" xml:lang=\\\"zh-CN\\\">          <voice name=\\\"zh-CN-XiaoxiaoNeural\\\">            <mstts:express-as style=\\\"calm\\\" styledegree=\\\"2.00\\\" >              <prosody rate=\\\"{{speakSpeed + 55}}%\\\" pitch=\\\"0%\\\" volume=\\\"+100%\\\">                {{String(speakText).replace(/&/g, '&amp;').replace(/\\\"/g, '&quot;').replace(/'/g, '&apos;').replace(/</g, '&lt;').replace(/>/g, '&gt;')}}              </prosody>            </mstts:express-as>          </voice>        </speak>\"}"
  },
  {
    "concurrentRate": "0",
    "contentType": "audio/wav",
    "enabledCookieJar": false,
    "id": -100,
    "lastUpdateTime": 1666547587160,
    "name": "1.百度",
    "url": "http://tts.baidu.com/text2audio,{\n    \"method\": \"POST\",\n    \"body\": \"tex={{java.encodeURI(java.encodeURI(speakText))}}&spd={{(speakSpeed + 5) / 10 + 4}}&per=3&cuid=baidu_speech_demo&idx=1&cod=2&lan=zh&ctp=1&pdt=160&vol=5&aue=6&pit=5&_res_tag_=audio\"\n}"
  },
  {
    "concurrentRate": "0",
    "contentType": "",
    "enabledCookieJar": false,
    "header": "",
    "id": -11,
    "lastUpdateTime": 1685620725458,
    "loginCheckJs": "",
    "loginUi": "",
    "loginUrl": "",
    "name": "2.推荐百度 PER5118 优美女声",
    "url": "http://tsn.baidu.com/text2audio,{\n    \"method\": \"POST\",\n    \"body\": \"tex={{java.encodeURI(java.encodeURI(speakText))}}&spd={{(speakSpeed + 5) / 10 + 4}}&per=5118&cuid=baidu_speech_demo&idx=1&cod=2&lan=zh&ctp=1&pdt=220&vol=10&aue=6&pit=5&_res_tag_=audio\"\n}"
  },
  {
    "concurrentRate": "0",
    "contentType": "audio/mpeg",
    "enabledCookieJar": false,
    "id": -29,
    "lastUpdateTime": 1666547587174,
    "loginCheckJs": "var response = result;\nif (response.headers().get(\"Content-Type\") != \"audio/mpeg\") {\n    var body = JSON.parse(response.body().string())\n    if (body.status == 40000001) {\n        source.login()\n        java.getHeaderMap().putAll(source.getHeaderMap(true))\n        response = java.getResponse()\n    } else {\n        throw body.message\n    }\n}\nresponse",
    "loginUi": "[\n  {\n    \"name\": \"AppKey\",\n    \"type\": \"text\"\n  },\n  {\n    \"name\": \"AccessKeyId\",\n    \"type\": \"text\"\n  },\n  {\n    \"name\": \"AccessKeySecret\",\n    \"type\": \"text\"\n  }\n]",
    "loginUrl": "var loginInfo = source.getLoginInfoMap();\nvar accessKeyId = loginInfo.get('AccessKeyId');\nvar accessKeySecret = loginInfo.get('AccessKeySecret');\nvar timestamp = java.timeFormatUTC(new Date().getTime(), \"yyyy-MM-dd'T'HH:mm:ss'Z'\", 0);\nvar aly = new JavaImporter(Packages.javax.crypto.Mac, Packages.javax.crypto.spec.SecretKeySpec, Packages.javax.xml.bind.DatatypeConverter, Packages.java.net.URLEncoder, Packages.java.lang.String, Packages.android.util.Base64);\nwith (aly) {\n    function percentEncode(value) {\n        return URLEncoder.encode(value, \"UTF-8\").replace(\"+\", \"%20\")\n            .replace(\"*\", \"%2A\").replace(\"%7E\", \"~\")\n    }\n\n    function sign(stringToSign, accessKeySecret) {\n        var mac = Mac.getInstance('HmacSHA1');\n        mac.init(new SecretKeySpec(String(accessKeySecret + '&').getBytes(\"UTF-8\"), \"HmacSHA1\"));\n        var signData = mac.doFinal(String(stringToSign).getBytes(\"UTF-8\"));\n        var signBase64 = Base64.encodeToString(signData, Base64.NO_WRAP);\n        var signUrlEncode = percentEncode(signBase64);\n        return signUrlEncode;\n    }\n}\nvar query = 'AccessKeyId=' + accessKeyId + '&Action=CreateToken&Format=JSON&RegionId=cn-shanghai&SignatureMethod=HMAC-SHA1&SignatureNonce=' + java.randomUUID() + '&SignatureVersion=1.0&Timestamp=' + percentEncode(timestamp) + '&Version=2019-02-28';\nvar signStr = sign('GET&' + percentEncode('/') + '&' + percentEncode(query), accessKeySecret);\nvar queryStringWithSign = \"Signature=\" + signStr + \"&\" + query;\nvar body = java.ajax('http://nls-meta.cn-shanghai.aliyuncs.com/?' + queryStringWithSign)\nvar res = JSON.parse(body)\nif (res.Message) {\n    throw new Error(res.Message)\n}\nvar header = { \"X-NLS-Token\": res.Token.Id };\nsource.putLoginHeader(JSON.stringify(header))",
    "name": "2.阿里云语音",
    "url": "https://nls-gateway.cn-shanghai.aliyuncs.com/stream/v1/tts,{\"method\": \"POST\",\"body\": {\"appkey\":\"{{source.getLoginInfoMap().get('AppKey')}}\",\"text\":\"{{speakText}}\",\"format\":\"mp3\",\"volume\":100,\"speech_rate\":{{String((speakSpeed) * 20 - 400)}} }}"
  },
  {
    "concurrentRate": "0",
    "enabledCookieJar": false,
    "id": 1598233029307,
    "lastUpdateTime": 0,
    "name": "度丫丫",
    "url": "http://tts.baidu.com/text2audio,{\n    \"method\": \"POST\",\n    \"body\": \"tex={{java.encodeURI(java.encodeURI(speakText))}}&spd={{String((speakSpeed + 5) / 10 + 4)}}&per=4&cuid=baidu_speech_demo&idx=1&cod=2&lan=zh&ctp=1&pdt=1&vol=5&pit=5&_res_tag_=audio\"\n}"
  },
  {
    "concurrentRate": "0",
    "enabledCookieJar": false,
    "id": 1598233029310,
    "lastUpdateTime": 0,
    "name": "度博文",
    "url": "http://tts.baidu.com/text2audio,{\n    \"method\": \"POST\",\n    \"body\": \"tex={{java.encodeURI(java.encodeURI(speakText))}}&spd={{String((speakSpeed + 5) / 10 + 4)}}&per=106&cuid=baidu_speech_demo&idx=1&cod=2&lan=zh&ctp=1&pdt=1&vol=5&pit=5&_res_tag_=audio\"\n}"
  },
  {
    "concurrentRate": "0",
    "enabledCookieJar": false,
    "id": 1598233029308,
    "lastUpdateTime": 0,
    "name": "度小娇",
    "url": "http://tts.baidu.com/text2audio,{\n    \"method\": \"POST\",\n    \"body\": \"tex={{java.encodeURI(java.encodeURI(speakText))}}&spd={{String((speakSpeed + 5) / 10 + 4)}}&per=5&cuid=baidu_speech_demo&idx=1&cod=2&lan=zh&ctp=1&pdt=1&vol=5&pit=5&_res_tag_=audio\"\n}"
  },
  {
    "concurrentRate": "0",
    "enabledCookieJar": false,
    "id": 1598233029305,
    "lastUpdateTime": 0,
    "name": "度小宇",
    "url": "http://tts.baidu.com/text2audio,{\n    \"method\": \"POST\",\n    \"body\": \"tex={{java.encodeURI(java.encodeURI(speakText))}}&spd={{String((speakSpeed + 5) / 10 + 4)}}&per=1&cuid=baidu_speech_demo&idx=1&cod=2&lan=zh&ctp=1&pdt=1&vol=5&pit=5&_res_tag_=audio\"\n}"
  },
  {
    "concurrentRate": "0",
    "enabledCookieJar": false,
    "id": 1598233029311,
    "lastUpdateTime": 0,
    "name": "度小童",
    "url": "http://tts.baidu.com/text2audio,{\n    \"method\": \"POST\",\n    \"body\": \"tex={{java.encodeURI(java.encodeURI(speakText))}}&spd={{String((speakSpeed + 5) / 10 + 4)}}&per=110&cuid=baidu_speech_demo&idx=1&cod=2&lan=zh&ctp=1&pdt=1&vol=5&pit=5&_res_tag_=audio\"\n}"
  },
  {
    "concurrentRate": "0",
    "enabledCookieJar": false,
    "id": 1598233029304,
    "lastUpdateTime": 0,
    "name": "度小美",
    "url": "http://tts.baidu.com/text2audio,{\n    \"method\": \"POST\",\n    \"body\": \"tex={{java.encodeURI(java.encodeURI(speakText))}}&spd={{String((speakSpeed + 5) / 10 + 4)}}&per=0&cuid=baidu_speech_demo&idx=1&cod=2&lan=zh&ctp=1&pdt=1&vol=5&pit=5&_res_tag_=audio\"\n}"
  },
  {
    "concurrentRate": "0",
    "enabledCookieJar": false,
    "id": 1598233029312,
    "lastUpdateTime": 0,
    "name": "度小萌",
    "url": "http://tts.baidu.com/text2audio,{\n    \"method\": \"POST\",\n    \"body\": \"tex={{java.encodeURI(java.encodeURI(speakText))}}&spd={{String((speakSpeed + 5) / 10 + 4)}}&per=111&cuid=baidu_speech_demo&idx=1&cod=2&lan=zh&ctp=1&pdt=1&vol=5&pit=5&_res_tag_=audio\"\n}"
  },
  {
    "concurrentRate": "0",
    "enabledCookieJar": false,
    "id": 1598233029309,
    "lastUpdateTime": 0,
    "name": "度米朵",
    "url": "http://tts.baidu.com/text2audio,{\n    \"method\": \"POST\",\n    \"body\": \"tex={{java.encodeURI(java.encodeURI(speakText))}}&spd={{String((speakSpeed + 5) / 10 + 4)}}&per=103&cuid=baidu_speech_demo&idx=1&cod=2&lan=zh&ctp=1&pdt=1&vol=5&pit=5&_res_tag_=audio\"\n}"
  },
  {
    "concurrentRate": "0",
    "enabledCookieJar": false,
    "id": 1598233029306,
    "lastUpdateTime": 0,
    "name": "度逍遥",
    "url": "http://tts.baidu.com/text2audio,{\n    \"method\": \"POST\",\n    \"body\": \"tex={{java.encodeURI(java.encodeURI(speakText))}}&spd={{String((speakSpeed + 5) / 10 + 4)}}&per=5003&cuid=baidu_speech_demo&idx=1&cod=2&lan=zh&ctp=1&pdt=1&vol=5&pit=5&_res_tag_=audio\"\n}"
  },
  {
    "concurrentRate": "0",
    "enabledCookieJar": false,
    "id": 1660791803245,
    "lastUpdateTime": 0,
    "name": "微软",
    "url": "{\"name\":\"微软：晓晓（正常的）\",\"contentType\":\"audio/x-wav\",\"header\":\"{\\\"Content-Type\\\":\\\"text/plain\\\",\\\"Authorization\\\":\\\"Bearer \\\",\\\"Format\\\":\\\"riff-8khz-8bit-mono-mulaw\\\"}\",\"url\":\"https://ms-ra-forwar.Vercel.app/api/azure,{\\\"method\\\":\\\"POST\\\",\\\"body\\\":\\\"<speak xmlns=\\\\\\\"http://www.w3.org/2001/10/synthesis\\\\\\\" xmlns:mstts=\\\\\\\"http://www.w3.org/2001/mstts\\\\\\\" xmlns:emo=\\\\\\\"http://www.w3.org/2009/10/emotionml\\\\\\\" version=\\\\\\\"1.0\\\\\\\" xml:lang=\\\\\\\"zh-CN\\\\\\\"><voice name=\\\\\\\"zh-CN-XiaoxiaoNeural\\\\\\\"><mstts:express-as style=\\\\\\\"general\\\\\\\" styledegree=\\\\\\\"1.0\\\\\\\"><prosody volume=\\\\\\\"+100.00%\\\\\\\" rate=\\\\\\\"{{(speakSpeed - 10) * 2}}%\\\\\\\" pitch=\\\\\\\"0%\\\\\\\">{{String(speakText).replace(/&/g, '&amp;').replace(/\\\\\\\"/g, '&quot;').replace(/'/g, '&apos;').replace(/</g, '&lt;').replace(/>/g, '&gt;')}}</prosody> </mstts:express-as></voice></speak>\\\"}\"}"
  },
  {
    "concurrentRate": "0",
    "enabledCookieJar": false,
    "id": 1598233029315,
    "lastUpdateTime": 0,
    "name": "百度主持",
    "url": "http://tts.baidu.com/text2audio,{\n    \"method\": \"POST\",\n    \"body\": \"tex={{java.encodeURI(java.encodeURI(speakText))}}&spd={{String((speakSpeed + 5) / 10 + 4)}}&per=9&cuid=baidu_speech_demo&idx=1&cod=2&lan=zh&ctp=1&pdt=1&vol=5&pit=5&_res_tag_=audio\"\n}"
  },
  {
    "concurrentRate": "0",
    "enabledCookieJar": false,
    "id": 1598233029314,
    "lastUpdateTime": 0,
    "name": "百度评书",
    "url": "http://tts.baidu.com/text2audio,{\n    \"method\": \"POST\",\n    \"body\": \"tex={{java.encodeURI(java.encodeURI(speakText))}}&spd={{String((speakSpeed + 5) / 10 + 4)}}&per=6&cuid=baidu_speech_demo&idx=1&cod=2&lan=zh&ctp=1&pdt=1&vol=5&pit=5&_res_tag_=audio\"\n}"
  },
  {
    "concurrentRate": "0",
    "enabledCookieJar": false,
    "id": 1598233029313,
    "lastUpdateTime": 0,
    "name": "百度骚男",
    "url": "http://tts.baidu.com/text2audio,{\n    \"method\": \"POST\",\n    \"body\": \"tex={{java.encodeURI(java.encodeURI(speakText))}}&spd={{String((speakSpeed + 5) / 10 + 4)}}&per=11&cuid=baidu_speech_demo&idx=1&cod=2&lan=zh&ctp=1&pdt=1&vol=5&pit=5&_res_tag_=audio\"\n}"
  }
]