[
  {
    "bookName": "少附之稗洁",
    "deviceId": "",
    "lastRead": 1678337659481,
    "readTime": 4600
  },
  {
    "bookName": "白洁",
    "deviceId": "",
    "lastRead": 1678339088849,
    "readTime": 248095
  },
  {
    "bookName": "淫荡少妇之白洁",
    "deviceId": "",
    "lastRead": 0,
    "readTime": 3893
  },
  {
    "bookName": "村女也疯狂",
    "deviceId": "",
    "lastRead": 0,
    "readTime": 44049
  },
  {
    "bookName": "我妻子的秘密",
    "deviceId": "",
    "lastRead": 0,
    "readTime": 13586
  },
  {
    "bookName": "我的妻子婷婷",
    "deviceId": "",
    "lastRead": 0,
    "readTime": 204974
  },
  {
    "bookName": "盘点名场面：一声剑来举世皆惊",
    "deviceId": "",
    "lastRead": 0,
    "readTime": 8058
  },
  {
    "bookName": "我能把梦中的一切带入现实",
    "deviceId": "",
    "lastRead": 0,
    "readTime": 13395
  },
  {
    "bookName": "被上校哥哥奸逼日常",
    "deviceId": "",
    "lastRead": 0,
    "readTime": 19272
  },
  {
    "bookName": "把偶遇的乖崽发展成炮友[年下1v1 h]",
    "deviceId": "",
    "lastRead": 0,
    "readTime": 9990
  },
  {
    "bookName": "暗场（NPH 人妻出轨）",
    "deviceId": "",
    "lastRead": 0,
    "readTime": 54497
  },
  {
    "bookName": "晋风流",
    "deviceId": "",
    "lastRead": 0,
    "readTime": 5358
  },
  {
    "bookName": "倾城绝色（古言1V1 HE）",
    "deviceId": "",
    "lastRead": 0,
    "readTime": 2162
  },
  {
    "bookName": "拐个妈咪带回家",
    "deviceId": "",
    "lastRead": 0,
    "readTime": 10587
  },
  {
    "bookName": "姊姊的房間",
    "deviceId": "",
    "lastRead": 0,
    "readTime": 474130
  },
  {
    "bookName": "5_6188087235380773955",
    "deviceId": "",
    "lastRead": 0,
    "readTime": 121171
  },
  {
    "bookName": "三命通会",
    "deviceId": "",
    "lastRead": 0,
    "readTime": 34650
  },
  {
    "bookName": "沧澜曲",
    "deviceId": "",
    "lastRead": 0,
    "readTime": 2924323
  },
  {
    "bookName": "少妇白洁",
    "deviceId": "",
    "lastRead": 0,
    "readTime": 165712
  },
  {
    "bookName": "四海龙女",
    "deviceId": "",
    "lastRead": 0,
    "readTime": 200617
  },
  {
    "bookName": "魔都",
    "deviceId": "",
    "lastRead": 0,
    "readTime": 39373
  },
  {
    "bookName": "六朝云龙吟",
    "deviceId": "",
    "lastRead": 0,
    "readTime": 30121819
  },
  {
    "bookName": "锁情咒",
    "deviceId": "",
    "lastRead": 0,
    "readTime": 3056026
  },
  {
    "bookName": "秘密教学 / 秘密の授業",
    "deviceId": "",
    "lastRead": 0,
    "readTime": 73708
  },
  {
    "bookName": "转生贵族靠着鉴定技能一飞冲天",
    "deviceId": "",
    "lastRead": 0,
    "readTime": 9282
  },
  {
    "bookName": "几小无猜",
    "deviceId": "",
    "lastRead": 0,
    "readTime": 16876
  },
  {
    "bookName": "青柠之夏",
    "deviceId": "",
    "lastRead": 0,
    "readTime": 3489
  },
  {
    "bookName": "蠢沫沫 小赤城",
    "deviceId": "",
    "lastRead": 0,
    "readTime": 18169
  },
  {
    "bookName": "天下第一泡",
    "deviceId": "",
    "lastRead": 0,
    "readTime": 57561
  },
  {
    "bookName": "淫奇抄之锁情咒",
    "deviceId": "",
    "lastRead": 0,
    "readTime": 28863107
  },
  {
    "bookName": "龙战士传说",
    "deviceId": "",
    "lastRead": 0,
    "readTime": 38199
  },
  {
    "bookName": "穿越后的悲惨生活",
    "deviceId": "",
    "lastRead": 0,
    "readTime": 102863
  },
  {
    "bookName": "女主播的沉沦之路",
    "deviceId": "",
    "lastRead": 0,
    "readTime": 391842
  },
  {
    "bookName": "极品小春医",
    "deviceId": "",
    "lastRead": 0,
    "readTime": 223593
  },
  {
    "bookName": "诛邪",
    "deviceId": "",
    "lastRead": 0,
    "readTime": 83667
  },
  {
    "bookName": "淫乱儿子",
    "deviceId": "",
    "lastRead": 1669161347513,
    "readTime": 1033
  },
  {
    "bookName": "背德情事（高H）",
    "deviceId": "",
    "lastRead": 1672105929450,
    "readTime": 11835
  },
  {
    "bookName": "燃情仕途",
    "deviceId": "",
    "lastRead": 1672106050782,
    "readTime": 77959
  },
  {
    "bookName": "伤寒论",
    "deviceId": "",
    "lastRead": 1677328311790,
    "readTime": 44000
  },
  {
    "bookName": "大小通吃的大学女生",
    "deviceId": "",
    "lastRead": 1680363448358,
    "readTime": 13399
  },
  {
    "bookName": "老师要稳住",
    "deviceId": "",
    "lastRead": 1680456303940,
    "readTime": 4770
  },
  {
    "bookName": "舞蹈系學姊們",
    "deviceId": "",
    "lastRead": 1680456693439,
    "readTime": 339383
  },
  {
    "bookName": "美少妇的哀羞",
    "deviceId": "",
    "lastRead": 1680456970483,
    "readTime": 726313
  },
  {
    "bookName": "暗夜情魔",
    "deviceId": "",
    "lastRead": 1683712834332,
    "readTime": 4558
  },
  {
    "bookName": "龙战士",
    "deviceId": "",
    "lastRead": 1683712888018,
    "readTime": 13913
  },
  {
    "bookName": "我的同桌很娇软【校园1v1】",
    "deviceId": "",
    "lastRead": 1683715740915,
    "readTime": 547
  },
  {
    "bookName": "乡村猎艳记",
    "deviceId": "",
    "lastRead": 1683717697334,
    "readTime": 4665
  },
  {
    "bookName": "霍太太她又奶又萌",
    "deviceId": "",
    "lastRead": 1683722491728,
    "readTime": 320
  },
  {
    "bookName": "开局被超脱：创造了深渊冥界",
    "deviceId": "",
    "lastRead": 1683722499874,
    "readTime": 5028
  },
  {
    "bookName": "美少女舰队传说",
    "deviceId": "",
    "lastRead": 1683728334649,
    "readTime": 4188
  },
  {
    "bookName": "野火(H)",
    "deviceId": "",
    "lastRead": 1683729742600,
    "readTime": 1130671
  },
  {
    "bookName": "猎艳江湖",
    "deviceId": "",
    "lastRead": 1683730643560,
    "readTime": 439169
  },
  {
    "bookName": "中华人民共和国住房和城乡建设部公告 2023年第1号 [2023-04-20]",
    "deviceId": "",
    "lastRead": 1683763565110,
    "readTime": 255
  },
  {
    "bookName": "中华人民共和国住房和城乡建设部公告 2023年第2号 [2023-04-20]",
    "deviceId": "",
    "lastRead": 1683763594489,
    "readTime": 305
  },
  {
    "bookName": "2023年第1号 [2023-04-20]",
    "deviceId": "",
    "lastRead": 1683764037643,
    "readTime": 190
  },
  {
    "bookName": "2023年第2号 [2023-04-20]",
    "deviceId": "",
    "lastRead": 1683764045782,
    "readTime": 242
  },
  {
    "bookName": "2023年第3号 [2023-04-20]",
    "deviceId": "",
    "lastRead": 1683764052450,
    "readTime": 252
  },
  {
    "bookName": "2023年第4号 [2023-04-20]",
    "deviceId": "",
    "lastRead": 1683764059626,
    "readTime": 264
  },
  {
    "bookName": "2023年第5号 [2023-04-20]",
    "deviceId": "",
    "lastRead": 1683764086315,
    "readTime": 309
  },
  {
    "bookName": "2023年第6号 [2023-04-20]",
    "deviceId": "",
    "lastRead": 1683764109349,
    "readTime": 243
  },
  {
    "bookName": "2022年第56号 [2023-01-29]",
    "deviceId": "",
    "lastRead": 1683764118060,
    "readTime": 341
  },
  {
    "bookName": "2022年第168号 [2023-01-30]",
    "deviceId": "",
    "lastRead": 1683764125762,
    "readTime": 238
  },
  {
    "bookName": "2022年第170号 [2023-01-30]",
    "deviceId": "",
    "lastRead": 1683764133553,
    "readTime": 214
  },
  {
    "bookName": "2022年第171号 [2023-01-30]",
    "deviceId": "",
    "lastRead": 1683764141540,
    "readTime": 654
  },
  {
    "bookName": "2022年第172号 [2023-01-30]",
    "deviceId": "",
    "lastRead": 1683764148510,
    "readTime": 216
  },
  {
    "bookName": "梦中的女孩",
    "deviceId": "",
    "lastRead": 1683836562696,
    "readTime": 320654
  },
  {
    "bookName": "富少的贴身管家",
    "deviceId": "",
    "lastRead": 1683836784809,
    "readTime": 9611
  },
  {
    "bookName": "艺术学院女教师孙晴晴",
    "deviceId": "",
    "lastRead": 1684010694504,
    "readTime": 5466
  },
  {
    "bookName": "堕落天使咒",
    "deviceId": "",
    "lastRead": 1684305937996,
    "readTime": 11743
  },
  {
    "bookName": "变成室友男朋友的专属性奴",
    "deviceId": "",
    "lastRead": 1684306230006,
    "readTime": 104661
  },
  {
    "bookName": "消防给水及消火栓系统技术规范 GB50974-2014",
    "deviceId": "",
    "lastRead": 1684362461412,
    "readTime": 30512
  },
  {
    "bookName": "剧本娱乐经营场所消防安全指南（试行）（消防〔2023〕26号）",
    "deviceId": "",
    "lastRead": 1684362669707,
    "readTime": 5052
  },
  {
    "bookName": "建筑防火-地方标准·答疑汇编（600问）！",
    "deviceId": "",
    "lastRead": 1684362782035,
    "readTime": 12589
  },
  {
    "bookName": "社团学姊",
    "deviceId": "",
    "lastRead": 1684761343432,
    "readTime": 116785
  },
  {
    "bookName": "上司的尾巴摸不得",
    "deviceId": "",
    "lastRead": 1684765255020,
    "readTime": 131352
  },
  {
    "bookName": "美丽女邻居",
    "deviceId": "",
    "lastRead": 1684767011378,
    "readTime": 1298898
  },
  {
    "bookName": "死亡天使",
    "deviceId": "",
    "lastRead": 1685176105012,
    "readTime": 121120
  },
  {
    "bookName": "湿乐园（全集无删减）",
    "deviceId": "",
    "lastRead": 1685197649431,
    "readTime": 113102
  },
  {
    "bookName": "美丽新世界",
    "deviceId": "",
    "lastRead": 1685208479187,
    "readTime": 631632
  },
  {
    "bookName": "周易",
    "deviceId": "",
    "lastRead": 1685209139151,
    "readTime": 111956
  },
  {
    "bookName": "弟子规",
    "deviceId": "",
    "lastRead": 1685209307159,
    "readTime": 47508
  },
  {
    "bookName": "山海经",
    "deviceId": "",
    "lastRead": 1685209400479,
    "readTime": 205475
  },
  {
    "bookName": "杜里特的大篷车",
    "deviceId": "",
    "lastRead": 1685211995126,
    "readTime": 8730
  },
  {
    "bookName": "当面干对方老婆",
    "deviceId": "",
    "lastRead": 1685212812159,
    "readTime": 8163
  },
  {
    "bookName": "美丽新世界——复仇者 01-03（上）",
    "deviceId": "",
    "lastRead": 1685241137069,
    "readTime": 256960
  },
  {
    "bookName": "日偏食",
    "deviceId": "",
    "lastRead": 1685243190643,
    "readTime": 8064
  },
  {
    "bookName": "漂流瓶南京摄山星城约炮工厂妹",
    "deviceId": "",
    "lastRead": 1685244217693,
    "readTime": 12985
  },
  {
    "bookName": "消災解餓",
    "deviceId": "",
    "lastRead": 1685445212437,
    "readTime": 2220759
  },
  {
    "bookName": "秘密教學",
    "deviceId": "",
    "lastRead": 1685445525032,
    "readTime": 331505
  },
  {
    "bookName": "琼明神女录",
    "deviceId": "",
    "lastRead": 1685445611772,
    "readTime": 32371433
  },
  {
    "bookName": "赘婿",
    "deviceId": "",
    "lastRead": 1685604123039,
    "readTime": 117247
  },
  {
    "bookName": "悟空传",
    "deviceId": "",
    "lastRead": 1685621488064,
    "readTime": 2453420
  },
  {
    "bookName": "我真的不想靠脸吃饭",
    "deviceId": "",
    "lastRead": 1686092686437,
    "readTime": 17008
  },
  {
    "bookName": "She：我的魅惑女友",
    "deviceId": "",
    "lastRead": 1686137118162,
    "readTime": 433827
  },
  {
    "bookName": "建筑设计防火规范 GB50016-2014（2018年版）",
    "deviceId": "",
    "lastRead": 1686137130301,
    "readTime": 447
  },
  {
    "bookName": "《民用建筑节能条例》2008年",
    "deviceId": "",
    "lastRead": 1686138591422,
    "readTime": 7443
  },
  {
    "bookName": "《民用建筑通用规范》GB 55031-2022",
    "deviceId": "",
    "lastRead": 1686139740454,
    "readTime": 34626
  },
  {
    "bookName": "民用建筑节水设计标准[附条文说明] GB 50555-2010",
    "deviceId": "",
    "lastRead": 1686142114988,
    "readTime": 10034
  },
  {
    "bookName": "建筑防火通用规范[附条文说明]",
    "deviceId": "",
    "lastRead": 1686143458054,
    "readTime": 12614
  },
  {
    "bookName": "建筑设计防火规范[附条文说明]",
    "deviceId": "",
    "lastRead": 1686143563888,
    "readTime": 39548
  },
  {
    "bookName": "民用建筑通用规范 GB55031-2022",
    "deviceId": "",
    "lastRead": 1686145746103,
    "readTime": 155052
  },
  {
    "bookName": "建筑防火通用规范 GB55037-2022",
    "deviceId": "",
    "lastRead": 1686145750057,
    "readTime": 148757
  },
  {
    "bookName": "规范标准应用",
    "deviceId": "",
    "lastRead": 1686145869159,
    "readTime": 133193
  },
  {
    "bookName": "大嫂的裙子",
    "deviceId": "",
    "lastRead": 1703181594476,
    "readTime": 971261
  },
  {
    "bookName": "壹念星河",
    "deviceId": "",
    "lastRead": 1711002488823,
    "readTime": 17255
  },
  {
    "bookName": "深空彼岸",
    "deviceId": "",
    "lastRead": 1712827997181,
    "readTime": 2253
  },
  {
    "bookName": "三寸人间",
    "deviceId": "",
    "lastRead": 1716558784872,
    "readTime": 29594
  },
  {
    "bookName": "情欲超市",
    "deviceId": "",
    "lastRead": 1716558848773,
    "readTime": 44549
  },
  {
    "bookName": "乱伦大杂烩",
    "deviceId": "",
    "lastRead": 1716558891030,
    "readTime": 62556
  },
  {
    "bookName": "江南大学系列",
    "deviceId": "",
    "lastRead": 1716558959596,
    "readTime": 53459
  },
  {
    "bookName": "小天风流史",
    "deviceId": "",
    "lastRead": 1716560817890,
    "readTime": 1646
  },
  {
    "bookName": "规范·专题·文件汇总",
    "deviceId": "",
    "lastRead": 1717925304149,
    "readTime": 6721
  },
  {
    "bookName": "我和女朋友的淫宴",
    "deviceId": "",
    "lastRead": 1717925340908,
    "readTime": 863
  },
  {
    "bookName": "醒來之後，變成黃油反派？",
    "deviceId": "",
    "lastRead": 1717925516329,
    "readTime": 2393
  },
  {
    "bookName": "西游记",
    "deviceId": "",
    "lastRead": 1718347041179,
    "readTime": 1285443
  },
  {
    "bookName": "【大爱仙尊】",
    "deviceId": "",
    "lastRead": 1723155560727,
    "readTime": 13839
  },
  {
    "bookName": "大爱仙尊，仙子是病娇",
    "deviceId": "",
    "lastRead": 1723155564888,
    "readTime": 25938
  },
  {
    "bookName": "蛊真人",
    "deviceId": "",
    "lastRead": 1723281380783,
    "readTime": 11214484
  },
  {
    "bookName": "AI:景甜",
    "deviceId": "",
    "lastRead": 1724504928462,
    "readTime": 2915
  },
  {
    "bookName": "真人實境秀",
    "deviceId": "",
    "lastRead": 1724504935198,
    "readTime": 393
  },
  {
    "bookName": "協議換愛(無碼版)",
    "deviceId": "",
    "lastRead": 1724505092640,
    "readTime": 271
  },
  {
    "bookName": "銀行業務員的秘密",
    "deviceId": "",
    "lastRead": 1724505483079,
    "readTime": 458
  },
  {
    "bookName": "我的完美谬思",
    "deviceId": "",
    "lastRead": 1724505549989,
    "readTime": 29257
  },
  {
    "bookName": "问鼎",
    "deviceId": "",
    "lastRead": 1725151061350,
    "readTime": 168103
  },
  {
    "bookName": "江山云罗(完本)",
    "deviceId": "",
    "lastRead": 1728146248651,
    "readTime": 14084
  },
  {
    "bookName": "娇妻臣服",
    "deviceId": "",
    "lastRead": 1728153932907,
    "readTime": 973
  },
  {
    "bookName": "淫悦帝王成长计划",
    "deviceId": "",
    "lastRead": 1728155047251,
    "readTime": 625
  },
  {
    "bookName": "兽爱",
    "deviceId": "",
    "lastRead": 1728155126395,
    "readTime": 7114
  },
  {
    "bookName": "关于我在魔物娘世界做生意的那些事",
    "deviceId": "",
    "lastRead": 1728155452381,
    "readTime": 13396
  },
  {
    "bookName": "情迷时刻",
    "deviceId": "",
    "lastRead": 1728155619658,
    "readTime": 50290
  },
  {
    "bookName": "我的美女仙师",
    "deviceId": "",
    "lastRead": 1728163921190,
    "readTime": 6399
  },
  {
    "bookName": "江山云罗",
    "deviceId": "",
    "lastRead": 1728168479095,
    "readTime": 556863
  },
  {
    "bookName": "把头自传",
    "deviceId": "",
    "lastRead": 1728323150698,
    "readTime": 2621
  },
  {
    "bookName": "一个现代盗墓者的自述",
    "deviceId": "",
    "lastRead": 1728323283808,
    "readTime": 4904
  },
  {
    "bookName": "来自一位盗墓者的自传",
    "deviceId": "",
    "lastRead": 1728323357530,
    "readTime": 1302
  },
  {
    "bookName": "我在精神病院学斩神",
    "deviceId": "",
    "lastRead": 1728323381128,
    "readTime": 1760
  },
  {
    "bookName": "惭莺的故事",
    "deviceId": "",
    "lastRead": 1728419413448,
    "readTime": 108069
  },
  {
    "bookName": "战乱的星系",
    "deviceId": "",
    "lastRead": 1728419426299,
    "readTime": 94620
  },
  {
    "bookName": "新人 光属性の次世代AV女優！眩しい笑顔のSEXの逸材 専属 一ノ瀬あおいAV Debut！！...！ 122次播放2024-10-08",
    "deviceId": "",
    "lastRead": 1728422237235,
    "readTime": 3860
  },
  {
    "bookName": "农女福妃，别太甜",
    "deviceId": "",
    "lastRead": 1728571734689,
    "readTime": 7825
  },
  {
    "bookName": "661",
    "deviceId": "",
    "lastRead": 1728572981359,
    "readTime": 8475
  },
  {
    "bookName": "【与高中女神女友汐儿的反差旅行】（上）作者：yeqingxuan『都市』",
    "deviceId": "",
    "lastRead": 1728857352613,
    "readTime": 1082
  },
  {
    "bookName": "逍遥小散仙",
    "deviceId": "",
    "lastRead": 1728860333154,
    "readTime": 77267
  },
  {
    "bookName": "妖刀记免费,妖刀记",
    "deviceId": "",
    "lastRead": 1728860699557,
    "readTime": 8672
  },
  {
    "bookName": "[读博阁]江山云罗",
    "deviceId": "",
    "lastRead": 1728862800838,
    "readTime": 10544457
  },
  {
    "bookName": "绿头巾：共享娇妻",
    "deviceId": "",
    "lastRead": 1728863094622,
    "readTime": 13203
  },
  {
    "bookName": "妖刀记",
    "deviceId": "",
    "lastRead": 1728863991469,
    "readTime": 35758
  },
  {
    "bookName": "青龙缠腰",
    "deviceId": "",
    "lastRead": 1728864020137,
    "readTime": 701
  },
  {
    "bookName": "无限群芳谱",
    "deviceId": "",
    "lastRead": 1728864596764,
    "readTime": 1537298
  },
  {
    "bookName": "22CJ110-1：防火玻璃及其门窗幕墙系统建筑构造——恒保防火玻璃系统产品现行",
    "deviceId": "",
    "lastRead": 1728908138057,
    "readTime": 271
  },
  {
    "bookName": "19CJ60-5：防火、抗爆、泄爆板建筑构造—玻特防火板、钢贝特抗爆板、保贝特泄爆板现行",
    "deviceId": "",
    "lastRead": 1728908220112,
    "readTime": 111
  },
  {
    "bookName": "06J123：墙体节能建筑构造现行",
    "deviceId": "",
    "lastRead": 1728908644568,
    "readTime": 115
  },
  {
    "bookName": "性奴岛的淫靡",
    "deviceId": "",
    "lastRead": 1728977591450,
    "readTime": 18871
  },
  {
    "bookName": "来自一名盗墓者的自传",
    "deviceId": "",
    "lastRead": 1729763579716,
    "readTime": 286
  },
  {
    "bookName": "1",
    "deviceId": "",
    "lastRead": 1736000503862,
    "readTime": 79957
  },
  {
    "bookName": "做饭指南23年12月 付费版  定稿",
    "deviceId": "",
    "lastRead": 1736000581962,
    "readTime": 91268
  },
  {
    "bookName": "毛泽东选集",
    "deviceId": "",
    "lastRead": 1741271596993,
    "readTime": 7265
  },
  {
    "bookName": "白玉道",
    "deviceId": "",
    "lastRead": 1741271629003,
    "readTime": 48944
  },
  {
    "bookName": "引狼入室之收养日记",
    "deviceId": "",
    "lastRead": 1742363927981,
    "readTime": 1141
  },
  {
    "bookName": "出轨少妇的自白：夜夜销魂",
    "deviceId": "",
    "lastRead": 1742363936068,
    "readTime": 503
  },
  {
    "bookName": "云之逸（性瘾的身体，性冷淡的我）",
    "deviceId": "",
    "lastRead": 1742363960988,
    "readTime": 4795
  },
  {
    "bookName": "少年阿宾",
    "deviceId": "",
    "lastRead": 1742364068589,
    "readTime": 1243
  },
  {
    "bookName": "青春荒唐俩三事",
    "deviceId": "",
    "lastRead": 1742364241094,
    "readTime": 1322
  },
  {
    "bookName": "豪乳老师刘艳",
    "deviceId": "",
    "lastRead": 1742366201003,
    "readTime": 10018
  },
  {
    "bookName": "无限淫欲",
    "deviceId": "",
    "lastRead": 1742366217660,
    "readTime": 11634
  },
  {
    "bookName": "保重",
    "deviceId": "",
    "lastRead": 1742366611066,
    "readTime": 35847
  },
  {
    "bookName": "母上攻略",
    "deviceId": "",
    "lastRead": 1742366772736,
    "readTime": 22766
  },
  {
    "bookName": "运途（完整版）",
    "deviceId": "",
    "lastRead": 1744257850196,
    "readTime": 56193
  },
  {
    "bookName": "女神攻略调教手册",
    "deviceId": "",
    "lastRead": 1744889637315,
    "readTime": 208078
  },
  {
    "bookName": "超级沟通者",
    "deviceId": "",
    "lastRead": 1744911164233,
    "readTime": 30344
  },
  {
    "bookName": "浊尘寻欢录",
    "deviceId": "",
    "lastRead": 1744969805734,
    "readTime": 261994
  },
  {
    "bookName": "我不是戏神",
    "deviceId": "",
    "lastRead": 1745161491118,
    "readTime": 32556
  },
  {
    "bookName": "仙侠艳谭",
    "deviceId": "",
    "lastRead": 1747032528255,
    "readTime": 73720
  },
  {
    "bookName": "超級公務員",
    "deviceId": "",
    "lastRead": 1747034841403,
    "readTime": 12433
  },
  {
    "bookName": "Setup!排球少女",
    "deviceId": "",
    "lastRead": 1747042779814,
    "readTime": 34434
  },
  {
    "bookName": "熟女交换计画",
    "deviceId": "",
    "lastRead": 1747048554003,
    "readTime": 21373
  },
  {
    "bookName": "暧昧女上司（真人）",
    "deviceId": "",
    "lastRead": 1747049012589,
    "readTime": 58540
  },
  {
    "bookName": "[AI绘画]国漫女主-阿七.蔷薇.高瑶.小舞.云曦.应天王后.美杜莎",
    "deviceId": "",
    "lastRead": 1747049045009,
    "readTime": 12198
  },
  {
    "bookName": "美麗新世界",
    "deviceId": "",
    "lastRead": 1747049089086,
    "readTime": 28566
  },
  {
    "bookName": "秘密教学",
    "deviceId": "",
    "lastRead": 1747053604226,
    "readTime": 31424
  },
  {
    "bookName": "催眠烟",
    "deviceId": "",
    "lastRead": 1747149147956,
    "readTime": 9652262
  },
  {
    "bookName": "敲开你的门",
    "deviceId": "",
    "lastRead": 1747149928997,
    "readTime": 266943
  },
  {
    "bookName": "人妻控",
    "deviceId": "",
    "lastRead": 1747386863467,
    "readTime": 462933
  },
  {
    "bookName": "誰說理組沒正妹",
    "deviceId": "",
    "lastRead": 1748595857907,
    "readTime": 1033258
  },
  {
    "bookName": "MD-0145毕业的女婿和继母之间的欢蹦乱跳",
    "deviceId": "",
    "lastRead": 1749801360065,
    "readTime": 1008
  }
]