[
  {
    "lastUseTime": 1640375866002,
    "usage": 1,
    "word": "E018: Couldn't authenticate with the server."
  },
  {
    "lastUseTime": 1641235222904,
    "usage": 5,
    "word": "少妇白洁"
  },
  {
    "lastUseTime": 1642846157634,
    "usage": 1,
    "word": "悟空传"
  },
  {
    "lastUseTime": 1642846432572,
    "usage": 1,
    "word": "穿越后的悲惨生活"
  },
  {
    "lastUseTime": 1642846876177,
    "usage": 1,
    "word": "女主播的沉沦之路"
  },
  {
    "lastUseTime": 1642846992300,
    "usage": 5,
    "word": "村女也疯狂"
  },
  {
    "lastUseTime": 1642847331400,
    "usage": 1,
    "word": "沧澜曲"
  },
  {
    "lastUseTime": 1642847699440,
    "usage": 1,
    "word": "四海龙女"
  },
  {
    "lastUseTime": 1642847781034,
    "usage": 1,
    "word": "魔都"
  },
  {
    "lastUseTime": 1642883369608,
    "usage": 2,
    "word": "六朝云龙吟"
  },
  {
    "lastUseTime": 1642883646560,
    "usage": 1,
    "word": "龙战士传说"
  },
  {
    "lastUseTime": 1642884734166,
    "usage": 2,
    "word": "媚肉生香"
  },
  {
    "lastUseTime": 1728163979079,
    "usage": 43,
    "word": "我的"
  },
  {
    "lastUseTime": 1643403970100,
    "usage": 5,
    "word": "我的妻子婷婷"
  },
  {
    "lastUseTime": 1645122940196,
    "usage": 3,
    "word": "三命通会"
  },
  {
    "lastUseTime": 1645123063908,
    "usage": 1,
    "word": "穷通宝鉴"
  },
  {
    "lastUseTime": 1645436486438,
    "usage": 2,
    "word": "炮友"
  },
  {
    "lastUseTime": 1645436501361,
    "usage": 2,
    "word": "炮"
  },
  {
    "lastUseTime": 1645436539782,
    "usage": 1,
    "word": "人妻"
  },
  {
    "lastUseTime": 1645436625631,
    "usage": 1,
    "word": "人"
  },
  {
    "lastUseTime": 1685208510965,
    "usage": 17,
    "word": "美丽新世界"
  },
  {
    "lastUseTime": 1654060082523,
    "usage": 1,
    "word": "锁情咒"
  },
  {
    "lastUseTime": 1654069101943,
    "usage": 4,
    "word": "美少妇的哀羞"
  },
  {
    "lastUseTime": 1659898114809,
    "usage": 1,
    "word": "易经真的很容易"
  },
  {
    "lastUseTime": 1672107135304,
    "usage": 5,
    "word": "琼明神女录"
  },
  {
    "lastUseTime": 1662814160181,
    "usage": 1,
    "word": "诛邪"
  },
  {
    "lastUseTime": 1668374126731,
    "usage": 1,
    "word": "reported"
  },
  {
    "lastUseTime": 1669161456173,
    "usage": 1,
    "word": "影响力"
  },
  {
    "lastUseTime": 1672106080888,
    "usage": 2,
    "word": "女神攻略手册"
  },
  {
    "lastUseTime": 1742364615785,
    "usage": 5,
    "word": "女神攻略调教手册"
  },
  {
    "lastUseTime": 1677080039351,
    "usage": 3,
    "word": "千隆问屈术"
  },
  {
    "lastUseTime": 1677328171926,
    "usage": 1,
    "word": "伤寒论"
  },
  {
    "lastUseTime": 1683712390963,
    "usage": 1,
    "word": "战乱的星系"
  },
  {
    "lastUseTime": 1683729660822,
    "usage": 1,
    "word": "白洁"
  },
  {
    "lastUseTime": 1683731672879,
    "usage": 1,
    "word": "神女录"
  },
  {
    "lastUseTime": 1683763587033,
    "usage": 1,
    "word": "中华人民共和国住房和城乡建设部公告 2023年第2号 [2023-04-20]"
  },
  {
    "lastUseTime": 1684362418257,
    "usage": 1,
    "word": "消防"
  },
  {
    "lastUseTime": 1684760949713,
    "usage": 4,
    "word": "贝拉的原罪"
  },
  {
    "lastUseTime": 1685241568500,
    "usage": 4,
    "word": "大战队"
  },
  {
    "lastUseTime": 1685243858501,
    "usage": 1,
    "word": "漂流瓶"
  },
  {
    "lastUseTime": 1685244199345,
    "usage": 3,
    "word": "漂流瓶南京"
  },
  {
    "lastUseTime": 1685244228028,
    "usage": 1,
    "word": "约炮"
  },
  {
    "lastUseTime": 1685249471519,
    "usage": 1,
    "word": "倪海厦"
  },
  {
    "lastUseTime": 1686142092298,
    "usage": 3,
    "word": "民用"
  },
  {
    "lastUseTime": 1686378551963,
    "usage": 1,
    "word": "大嫂的裙子"
  },
  {
    "lastUseTime": 1714293723952,
    "usage": 2,
    "word": "宿命情书"
  },
  {
    "lastUseTime": 1720078090436,
    "usage": 1,
    "word": "沧浪之水"
  },
  {
    "lastUseTime": 1723105784540,
    "usage": 5,
    "word": "大爱仙尊"
  },
  {
    "lastUseTime": 1723106664666,
    "usage": 9,
    "word": "蛊真人"
  },
  {
    "lastUseTime": 1723107609128,
    "usage": 2,
    "word": "人祖转"
  },
  {
    "lastUseTime": 1725082648914,
    "usage": 1,
    "word": "运途"
  },
  {
    "lastUseTime": 1725150722331,
    "usage": 1,
    "word": "问鼎"
  },
  {
    "lastUseTime": 1728859922293,
    "usage": 18,
    "word": "江山云罗"
  },
  {
    "lastUseTime": 1728859938764,
    "usage": 3,
    "word": "白玉道"
  },
  {
    "lastUseTime": 1728282280871,
    "usage": 1,
    "word": "盗墓者"
  },
  {
    "lastUseTime": 1728323763168,
    "usage": 4,
    "word": "青龙缠腰"
  },
  {
    "lastUseTime": 1728859934693,
    "usage": 5,
    "word": "把头自传"
  },
  {
    "lastUseTime": 1728323182714,
    "usage": 1,
    "word": "盗墓者的"
  },
  {
    "lastUseTime": 1728860476431,
    "usage": 1,
    "word": "妖刀"
  },
  {
    "lastUseTime": 1728860756742,
    "usage": 4,
    "word": "妖刀记"
  },
  {
    "lastUseTime": 1728910128825,
    "usage": 4,
    "word": "防火"
  },
  {
    "lastUseTime": 1747049197537,
    "usage": 7,
    "word": "我"
  },
  {
    "lastUseTime": 1730411235031,
    "usage": 2,
    "word": "中县干部"
  },
  {
    "lastUseTime": 1735886244785,
    "usage": 8,
    "word": "保重"
  },
  {
    "lastUseTime": 1739436089714,
    "usage": 2,
    "word": "毛泽东选集"
  },
  {
    "lastUseTime": 1742363808151,
    "usage": 5,
    "word": "母上攻略"
  },
  {
    "lastUseTime": 1742363951836,
    "usage": 2,
    "word": "母上"
  },
  {
    "lastUseTime": 1742365749083,
    "usage": 1,
    "word": "无限淫欲"
  },
  {
    "lastUseTime": 1744889716892,
    "usage": 3,
    "word": "浊尘寻欢录"
  },
  {
    "lastUseTime": 1744889647031,
    "usage": 2,
    "word": "仙侠艳谭"
  },
  {
    "lastUseTime": 1744911172384,
    "usage": 2,
    "word": "超级沟通者"
  },
  {
    "lastUseTime": 1747056854969,
    "usage": 11,
    "word": "催眠烟"
  },
  {
    "lastUseTime": 1747056862352,
    "usage": 2,
    "word": "1"
  }
]