[
  {
    "autoUpdate": false,
    "customOrder": 2,
    "id": 1656992089862,
    "name": "仓库",
    "type": 0,
    "update": 1656992089862,
    "url": "http://www.yckceo.com"
  },
  {
    "autoUpdate": false,
    "customOrder": 3,
    "id": 1728978257319,
    "name": "18-1",
    "type": 0,
    "update": 1728978257319,
    "url": "https://cdn.jsdelivr.net/gh/oli-fa/YueDuBackup@master/R18/R18BookSource.json"
  },
  {
    "autoUpdate": false,
    "customOrder": 3,
    "id": 1728978278481,
    "name": "18-2",
    "type": 0,
    "update": 1728978278481,
    "url": "https://moonbegonia.github.io/Source/yuedu/R18.json"
  },
  {
    "autoUpdate": false,
    "customOrder": 3,
    "id": 1728978286778,
    "name": "18",
    "type": 1,
    "update": 1728978286778,
    "url": "https://cdn.jsdelivr.net/gh/oli-fa/YueDuBackup@master/R18/R18RssSource.json"
  }
]