[
  {
    "accentColor": "#AD1457",
    "backgroundColor": "#F5F5F5",
    "bottomBackground": "#EEEEEE",
    "isNightTheme": false,
    "primaryColor": "#03A9F4",
    "themeName": "典雅蓝"
  },
  {
    "accentColor": "#E0E0E0",
    "backgroundColor": "#424242",
    "bottomBackground": "#424242",
    "isNightTheme": true,
    "primaryColor": "#303030",
    "themeName": "黑白"
  },
  {
    "accentColor": "#FFFFFF",
    "backgroundColor": "#000000",
    "bottomBackground": "#000000",
    "isNightTheme": true,
    "primaryColor": "#000000",
    "themeName": "A屏黑"
  },
  {
    "accentColor": "#ff3897f1",
    "backgroundColor": "#fff4f5f7",
    "bottomBackground": "#ffffffff",
    "isNightTheme": false,
    "primaryColor": "#fff4f5f7",
    "themeName": "微信阅读 - 日间"
  }
]